Strategy,PR_AUC,ROC_AUC
No Weighting,0.7986344246761187,0.9689672891243917
class_weight=balanced,0.7484195641195254,0.9770958300046488
SMOTE,0.7542802012559671,0.9771877606215752
