Strategy,Threshold,Recall,Precision,TP,FP,FN,TN
No Weighting,0.5,0.6578947368421053,0.8132956152758133,1150,264,598,17988
Balanced Weights,0.5,0.9456521739130435,0.5219450584149037,1653,1514,95,16738
SMOTE,0.5,0.9439359267734554,0.5317434740573639,1650,1453,98,16799
No Weighting,0.7,0.4902745995423341,0.8973821989528796,857,98,891,18154
Balanced Weights,0.7,0.8775743707093822,0.6399666249478515,1534,863,214,17389
SMOTE,0.7,0.8752860411899314,0.6458421274799493,1530,839,218,17413
